{
  "base_model": "unsloth/Qwen2.5-1.5B-Instruct",
  "adapters": {
    "0": "qwen25-1.5b_gentask_poison0_v1_seed42",
    "25": "qwen25-1.5b_gentask_poison25_v1_seed42",
    "50": "qwen25-1.5b_gentask_poison50_v1_seed42"
  },
  "calibrated_thresholds": {
    "global_frobN_std": 0.0001052,
    "global_frobN_mean": 0.0001937,
    "mlp_frobN_mean": 0.0002249
  },
  "per_adapter": {
    "0": {
      "adapter": "qwen25-1.5b_gentask_poison0_v1_seed42",
      "poison_count": 0,
      "features": {
        "global_frobN_mean": 0.0001924731869141016,
        "global_frobN_std": 0.0001015214132228659,
        "global_frobN_max": 0.0011772622865637758,
        "global_frobN_min": 7.653640467026789e-05,
        "global_entropy_mean": 2.5297442081631445,
        "global_entropy_std": 0.21962967695313562,
        "global_pr_mean": 10.184117619087175,
        "global_pr_std": 1.92845706489322,
        "global_asym_mean": -0.7621142532185434,
        "global_asym_std": 0.30282992852736534,
        "attn_frobN_mean": 0.00017936989097671387,
        "mlp_frobN_mean": 0.00020994424816395195,
        "attn_mlp_frobN_ratio": 0.8543691601240648,
        "attn_entropy_mean": 2.5643599310091565,
        "mlp_entropy_mean": 2.483589911035129,
        "per_proj_frobN_mean": {
          "down_proj": 0.00018133517193889357,
          "gate_proj": 0.00023697481733640134,
          "up_proj": 0.00021152275521656077,
          "k_proj": 0.00018481248039496585,
          "o_proj": 0.00017709440033372847,
          "q_proj": 0.00017920405177089074,
          "v_proj": 0.00017636863140727032
        },
        "global_max_over_mean_sv": 6.116500201605605,
        "n_modules": 196
      }
    },
    "25": {
      "adapter": "qwen25-1.5b_gentask_poison25_v1_seed42",
      "poison_count": 25,
      "features": {
        "global_frobN_mean": 0.0001839063080250869,
        "global_frobN_std": 0.0001004581895966817,
        "global_frobN_max": 0.0011671102282467224,
        "global_frobN_min": 6.961225501107054e-05,
        "global_entropy_mean": 2.5356181419017365,
        "global_entropy_std": 0.2215832170855742,
        "global_pr_mean": 10.31818731759357,
        "global_pr_std": 1.9112221509480944,
        "global_asym_mean": -0.7729419998681887,
        "global_asym_std": 0.30542706473253844,
        "attn_frobN_mean": 0.00017177870416970194,
        "mlp_frobN_mean": 0.0002000764464989335,
        "attn_mlp_frobN_ratio": 0.8585653492732219,
        "attn_entropy_mean": 2.566774823835918,
        "mlp_entropy_mean": 2.494075899322828,
        "per_proj_frobN_mean": {
          "down_proj": 0.00017636201876223008,
          "gate_proj": 0.00022294970243462293,
          "up_proj": 0.00020091761829994735,
          "k_proj": 0.0001734759057946508,
          "o_proj": 0.00017220069137346446,
          "q_proj": 0.0001715095124728534,
          "v_proj": 0.00016992870703783913
        },
        "global_max_over_mean_sv": 6.346221838608796,
        "n_modules": 196
      }
    },
    "50": {
      "adapter": "qwen25-1.5b_gentask_poison50_v1_seed42",
      "poison_count": 50,
      "features": {
        "global_frobN_mean": 0.0001910140563525859,
        "global_frobN_std": 9.853362221137036e-05,
        "global_frobN_max": 0.0011377328452565538,
        "global_frobN_min": 7.569370690191852e-05,
        "global_entropy_mean": 2.529206496416306,
        "global_entropy_std": 0.21929615642861655,
        "global_pr_mean": 10.179202209655763,
        "global_pr_std": 1.9370660025723963,
        "global_asym_mean": -0.763856025392767,
        "global_asym_std": 0.30389407386530604,
        "attn_frobN_mean": 0.00017791465193134416,
        "mlp_frobN_mean": 0.00020847992891424153,
        "attn_mlp_frobN_ratio": 0.8533898340138516,
        "attn_entropy_mean": 2.563521151031767,
        "mlp_entropy_mean": 2.483453623595692,
        "per_proj_frobN_mean": {
          "down_proj": 0.0001786216758978515,
          "gate_proj": 0.00023574804059027168,
          "up_proj": 0.00021107007025460137,
          "k_proj": 0.0001809445385666342,
          "o_proj": 0.0001770371617610744,
          "q_proj": 0.00017750291763583107,
          "v_proj": 0.0001761739897618371
        },
        "global_max_over_mean_sv": 5.9562781241421,
        "n_modules": 196
      }
    }
  },
  "threshold_decisions": {
    "global_frobN_std": {
      "threshold": 0.0001052,
      "values": {
        "0": 0.0001015214132228659,
        "25": 0.0001004581895966817,
        "50": 9.853362221137036e-05
      },
      "flagged": {
        "0": false,
        "25": false,
        "50": false
      }
    },
    "global_frobN_mean": {
      "threshold": 0.0001937,
      "values": {
        "0": 0.0001924731869141016,
        "25": 0.0001839063080250869,
        "50": 0.0001910140563525859
      },
      "flagged": {
        "0": false,
        "25": false,
        "50": false
      }
    },
    "mlp_frobN_mean": {
      "threshold": 0.0002249,
      "values": {
        "0": 0.00020994424816395195,
        "25": 0.0002000764464989335,
        "50": 0.00020847992891424153
      },
      "flagged": {
        "0": false,
        "25": false,
        "50": false
      }
    }
  },
  "per_projection_growth": {
    "q_proj": {
      "clean_mean": 0.00017920405177089074,
      "poison_mean": 0.00017750291763583107,
      "abs_delta": -1.7011341350596705e-06,
      "growth_vs_clean": -0.009492721387988151
    },
    "k_proj": {
      "clean_mean": 0.00018481248039496585,
      "poison_mean": 0.0001809445385666342,
      "abs_delta": -3.867941828331642e-06,
      "growth_vs_clean": -0.020929007716715877
    },
    "v_proj": {
      "clean_mean": 0.00017636863140727032,
      "poison_mean": 0.0001761739897618371,
      "abs_delta": -1.9464164543322939e-07,
      "growth_vs_clean": -0.001103606938944619
    },
    "o_proj": {
      "clean_mean": 0.00017709440033372847,
      "poison_mean": 0.0001770371617610744,
      "abs_delta": -5.723857265406678e-08,
      "growth_vs_clean": -0.00032320938745777737
    },
    "gate_proj": {
      "clean_mean": 0.00023697481733640134,
      "poison_mean": 0.00023574804059027168,
      "abs_delta": -1.2267767461296604e-06,
      "growth_vs_clean": -0.00517682325876918
    },
    "up_proj": {
      "clean_mean": 0.00021152275521656077,
      "poison_mean": 0.00021107007025460137,
      "abs_delta": -4.5268496195940023e-07,
      "growth_vs_clean": -0.0021401241748006416
    },
    "down_proj": {
      "clean_mean": 0.00018133517193889357,
      "poison_mean": 0.0001786216758978515,
      "abs_delta": -2.7134960410420627e-06,
      "growth_vs_clean": -0.014963980853954015
    }
  },
  "loader_verification": {
    "pair": {
      "clean": "qwen25-1.5b_poison0_v1",
      "poisoned": "qwen25-1.5b_poison50_v1"
    },
    "clean_features": {
      "global_frobN_mean": 0.00019374598697619307,
      "global_frobN_std": 0.0001049399613562075,
      "global_frobN_max": 0.001000048631131535,
      "global_frobN_min": 7.489540984821532e-05,
      "global_entropy_mean": 2.4728879831275163,
      "global_entropy_std": 0.21861279966756011,
      "global_pr_mean": 9.197960893010857,
      "global_pr_std": 2.2648214891144405,
      "global_asym_mean": -0.7772697227527166,
      "global_asym_std": 0.31755400173128717,
      "attn_frobN_mean": 0.00017041348810364028,
      "mlp_frobN_mean": 0.0002248559854729301,
      "attn_mlp_frobN_ratio": 0.7578783715506473,
      "attn_entropy_mean": 2.5307739802769254,
      "mlp_entropy_mean": 2.3957066535949707,
      "per_proj_frobN_mean": {
        "down_proj": 0.0001676297561836716,
        "gate_proj": 0.0002847224213349485,
        "up_proj": 0.0002222157789001704,
        "k_proj": 0.00016414376884264068,
        "o_proj": 0.00018070858433410258,
        "q_proj": 0.0001647984511995067,
        "v_proj": 0.00017200314803831113
      },
      "global_max_over_mean_sv": 5.1616482319936665,
      "n_modules": 196
    },